{
 "kind": "youtube#searchListResponse",
 "etag": "\"ld9biNPKjAjgjV7EZ4EKeEGrhao/BVS8kybQbhtkDXAXt3Ly5akme9o\"",
 "nextPageToken": "CAoQAA",
 "regionCode": "US",
 "pageInfo": {
  "totalResults": 1000000,
  "resultsPerPage": 10
 },
 "items": [
  {
   "kind": "youtube#searchResult",
   "etag": "\"ld9biNPKjAjgjV7EZ4EKeEGrhao/xkt6r53_TFZo-GAPTDVapexkK_g\"",
   "id": {
    "kind": "youtube#video",
    "videoId": "5GWbpRvYR6Q"
   },
   "snippet": {
    "publishedAt": "2017-10-20T05:09:42.000Z",
    "channelId": "UCoh_z6QB0AGB1oxWufvbDUg",
    "title": "Los Angeles Lakers vs LA Clippers Full Game Highlights / Week 1 / 2017 NBA Season",
    "description": "Los Angeles Lakers vs LA Clippers Full Game Highlights / Week 1 / 2017 NBA Season For more information, as well as all the latest NBA news and highlights, ...",
    "thumbnails": {
     "default": {
      "url": "https://i.ytimg.com/vi/5GWbpRvYR6Q/default.jpg",
      "width": 120,
      "height": 90
     },
     "medium": {
      "url": "https://i.ytimg.com/vi/5GWbpRvYR6Q/mqdefault.jpg",
      "width": 320,
      "height": 180
     },
     "high": {
      "url": "https://i.ytimg.com/vi/5GWbpRvYR6Q/hqdefault.jpg",
      "width": 480,
      "height": 360
     }
    },
    "channelTitle": "MLG Highlights",
    "liveBroadcastContent": "none"
   }
  },
  {
   "kind": "youtube#searchResult",
   "etag": "\"ld9biNPKjAjgjV7EZ4EKeEGrhao/LnSwWJM2CmgF2pu59-MmyS_QMVM\"",
   "id": {
    "kind": "youtube#video",
    "videoId": "mUm3_F23wLg"
   },
   "snippet": {
    "publishedAt": "2017-10-20T03:52:33.000Z",
    "channelId": "UCoh_z6QB0AGB1oxWufvbDUg",
    "title": "Los Angeles Lakers vs LA Clippers 1st Half Highlights / Week 1 / 2017 NBA Season",
    "description": "Los Angeles Lakers vs LA Clippers 1st Half Highlights / Week 1 / 2017 NBA Season For more information, as well as all the latest NBA news and highlights, log ...",
    "thumbnails": {
     "default": {
      "url": "https://i.ytimg.com/vi/mUm3_F23wLg/default.jpg",
      "width": 120,
      "height": 90
     },
     "medium": {
      "url": "https://i.ytimg.com/vi/mUm3_F23wLg/mqdefault.jpg",
      "width": 320,
      "height": 180
     },
     "high": {
      "url": "https://i.ytimg.com/vi/mUm3_F23wLg/hqdefault.jpg",
      "width": 480,
      "height": 360
     }
    },
    "channelTitle": "MLG Highlights",
    "liveBroadcastContent": "none"
   }
  },
  {
   "kind": "youtube#searchResult",
   "etag": "\"ld9biNPKjAjgjV7EZ4EKeEGrhao/rcRjzo6SU80zL-QM5Vebh6fQpq4\"",
   "id": {
    "kind": "youtube#video",
    "videoId": "01tsf3SKVi0"
   },
   "snippet": {
    "publishedAt": "2017-10-20T03:19:51.000Z",
    "channelId": "UCoh_z6QB0AGB1oxWufvbDUg",
    "title": "Los Angeles Lakers vs LA Clippers 1st Qtr Highlights / Week 1 / 2017 NBA Season",
    "description": "Los Angeles Lakers vs LA Clippers 1st Qtr Highlights / Week 1 / 2017 NBA Season For more information, as well as all the latest NBA news and highlights, log ...",
    "thumbnails": {
     "default": {
      "url": "https://i.ytimg.com/vi/01tsf3SKVi0/default.jpg",
      "width": 120,
      "height": 90
     },
     "medium": {
      "url": "https://i.ytimg.com/vi/01tsf3SKVi0/mqdefault.jpg",
      "width": 320,
      "height": 180
     },
     "high": {
      "url": "https://i.ytimg.com/vi/01tsf3SKVi0/hqdefault.jpg",
      "width": 480,
      "height": 360
     }
    },
    "channelTitle": "MLG Highlights",
    "liveBroadcastContent": "none"
   }
  },
  {
   "kind": "youtube#searchResult",
   "etag": "\"ld9biNPKjAjgjV7EZ4EKeEGrhao/nGNyDZX8B52IEjGPnX7RHtXyw20\"",
   "id": {
    "kind": "youtube#video",
    "videoId": "-dfJ_6XjGXk"
   },
   "snippet": {
    "publishedAt": "2017-10-20T05:43:04.000Z",
    "channelId": "UCWJ2lWNubArHWmf3FIHbfcQ",
    "title": "Blake Griffin, DeAndre Jordan Dominate in Clippers Win Over the Lakers | October 19, 2017",
    "description": "Blake Griffin scored 29 points and added 12 boards, DeAndre Jordan recorded a double-double, and the Los Angeles Clippers defeated the Los Angeles ...",
    "thumbnails": {
     "default": {
      "url": "https://i.ytimg.com/vi/-dfJ_6XjGXk/default.jpg",
      "width": 120,
      "height": 90
     },
     "medium": {
      "url": "https://i.ytimg.com/vi/-dfJ_6XjGXk/mqdefault.jpg",
      "width": 320,
      "height": 180
     },
     "high": {
      "url": "https://i.ytimg.com/vi/-dfJ_6XjGXk/hqdefault.jpg",
      "width": 480,
      "height": 360
     }
    },
    "channelTitle": "NBA",
    "liveBroadcastContent": "none"
   }
  },
  {
   "kind": "youtube#searchResult",
   "etag": "\"ld9biNPKjAjgjV7EZ4EKeEGrhao/Awpo_V_hLB4fmVi9AWlZ_IpExpQ\"",
   "id": {
    "kind": "youtube#video",
    "videoId": "-Bz8QKbnT6A"
   },
   "snippet": {
    "publishedAt": "2017-10-20T05:01:58.000Z",
    "channelId": "UCoh_z6QB0AGB1oxWufvbDUg",
    "title": "Lonzo Ball Full Highlights vs LA Clippers / Week 1 / LA Lakers vs LA Clippers / 2017 NBA Season",
    "description": "Lonzo Ball Full Highlights vs LA Clippers / Week 1 / LA Lakers vs LA Clippers / 2017 NBA Season For more information, as well as all the latest NBA news and ...",
    "thumbnails": {
     "default": {
      "url": "https://i.ytimg.com/vi/-Bz8QKbnT6A/default.jpg",
      "width": 120,
      "height": 90
     },
     "medium": {
      "url": "https://i.ytimg.com/vi/-Bz8QKbnT6A/mqdefault.jpg",
      "width": 320,
      "height": 180
     },
     "high": {
      "url": "https://i.ytimg.com/vi/-Bz8QKbnT6A/hqdefault.jpg",
      "width": 480,
      "height": 360
     }
    },
    "channelTitle": "MLG Highlights",
    "liveBroadcastContent": "none"
   }
  },
  {
   "kind": "youtube#searchResult",
   "etag": "\"ld9biNPKjAjgjV7EZ4EKeEGrhao/FxWLy8x_R63efSeJK1i-v-ZU9mk\"",
   "id": {
    "kind": "youtube#video",
    "videoId": "qE--ganmTq8"
   },
   "snippet": {
    "publishedAt": "2017-10-20T05:59:07.000Z",
    "channelId": "UC25XFFwlNvOYsZT7ZGg0v5Q",
    "title": "Inside The NBA: Shaq rips Lonzo Ball \"He Didnt Bring It\" Charles agrees Lakers Postgame NEW 10/20",
    "description": "charles barkley shaq and kenny smith roast lonzo ball lakers poor performance vs clippers Disclaimer: All Clips Property of the NBA and Turner. No Copyright ...",
    "thumbnails": {
     "default": {
      "url": "https://i.ytimg.com/vi/qE--ganmTq8/default.jpg",
      "width": 120,
      "height": 90
     },
     "medium": {
      "url": "https://i.ytimg.com/vi/qE--ganmTq8/mqdefault.jpg",
      "width": 320,
      "height": 180
     },
     "high": {
      "url": "https://i.ytimg.com/vi/qE--ganmTq8/hqdefault.jpg",
      "width": 480,
      "height": 360
     }
    },
    "channelTitle": "nbagametime",
    "liveBroadcastContent": "none"
   }
  },
  {
   "kind": "youtube#searchResult",
   "etag": "\"ld9biNPKjAjgjV7EZ4EKeEGrhao/6D5cHi4G6AZAJk9EnvsqrSnn-wQ\"",
   "id": {
    "kind": "youtube#video",
    "videoId": "KwStePkCEd4"
   },
   "snippet": {
    "publishedAt": "2017-10-20T05:30:40.000Z",
    "channelId": "UC0A25xlkd_nEQ__tMOMUkkQ",
    "title": "Los Angeles Clippers vs Los Angeles Lakers Full Game Highlights - October 19, 2017",
    "description": "The Los Angeles Clippers cruised to a 108-92 victory over the Los Angeles Lakers in their 2017-18 season opener, Thursday at the Staples Center.",
    "thumbnails": {
     "default": {
      "url": "https://i.ytimg.com/vi/KwStePkCEd4/default.jpg",
      "width": 120,
      "height": 90
     },
     "medium": {
      "url": "https://i.ytimg.com/vi/KwStePkCEd4/mqdefault.jpg",
      "width": 320,
      "height": 180
     },
     "high": {
      "url": "https://i.ytimg.com/vi/KwStePkCEd4/hqdefault.jpg",
      "width": 480,
      "height": 360
     }
    },
    "channelTitle": "Pleasant Shows",
    "liveBroadcastContent": "none"
   }
  },
  {
   "kind": "youtube#searchResult",
   "etag": "\"ld9biNPKjAjgjV7EZ4EKeEGrhao/FYVbcroi3SpvqIDXcT_YdcN4-Bw\"",
   "id": {
    "kind": "youtube#video",
    "videoId": "Wrpaj090PkQ"
   },
   "snippet": {
    "publishedAt": "2017-10-20T05:18:41.000Z",
    "channelId": "UCijgNuT4jVoPOx3PKzU30aw",
    "title": "Lonzo Ball's DISAPPOINTING NBA Debut! Is he a BUST?! Lakers vs Clippers!",
    "description": "The Lonzo Ball era begins with just three points, 1-for-6 shooting, nine rebounds and four assists. Patrick Beverley got up in him as expected, shoving him at one ...",
    "thumbnails": {
     "default": {
      "url": "https://i.ytimg.com/vi/Wrpaj090PkQ/default.jpg",
      "width": 120,
      "height": 90
     },
     "medium": {
      "url": "https://i.ytimg.com/vi/Wrpaj090PkQ/mqdefault.jpg",
      "width": 320,
      "height": 180
     },
     "high": {
      "url": "https://i.ytimg.com/vi/Wrpaj090PkQ/hqdefault.jpg",
      "width": 480,
      "height": 360
     }
    },
    "channelTitle": "Hoop Journey II",
    "liveBroadcastContent": "none"
   }
  },
  {
   "kind": "youtube#searchResult",
   "etag": "\"ld9biNPKjAjgjV7EZ4EKeEGrhao/XBCtzaCkL11sP-1jJN8Fb40XQRQ\"",
   "id": {
    "kind": "youtube#video",
    "videoId": "IQWM_zJeawM"
   },
   "snippet": {
    "publishedAt": "2017-10-20T06:44:26.000Z",
    "channelId": "UCnzbVkknmqhRqUKg7RDTDeg",
    "title": "Lonzo Ball NBA Debut! Blake Griffin Dunks on Randle! Clippers vs Lakers 2017-18 Season",
    "description": "Chris Smoove T-Shirts! http://chrissmoove.com/ Splash the like button for more NBA videos! NBA 2K18 Pack Simulator! http://mtdb.com/18/packs/ My NBA ...",
    "thumbnails": {
     "default": {
      "url": "https://i.ytimg.com/vi/IQWM_zJeawM/default.jpg",
      "width": 120,
      "height": 90
     },
     "medium": {
      "url": "https://i.ytimg.com/vi/IQWM_zJeawM/mqdefault.jpg",
      "width": 320,
      "height": 180
     },
     "high": {
      "url": "https://i.ytimg.com/vi/IQWM_zJeawM/hqdefault.jpg",
      "width": 480,
      "height": 360
     }
    },
    "channelTitle": "Chris Smoove",
    "liveBroadcastContent": "none"
   }
  },
  {
   "kind": "youtube#searchResult",
   "etag": "\"ld9biNPKjAjgjV7EZ4EKeEGrhao/cFX7e35NWyT7lZIRe0v-ImI-DFU\"",
   "id": {
    "kind": "youtube#video",
    "videoId": "XBHnmY8tG6A"
   },
   "snippet": {
    "publishedAt": "2017-11-14T05:44:54.000Z",
    "channelId": "UCCxupwq_A5lj-QsNHrUvWhg",
    "title": "【NBA】LA Lakers vs Phoenix Suns - Full Game Highlights  November 13, 2017  2017-18 NBA Season",
    "description": "2016-17 NBA season Full Game Highlights Regular Cavs Cavaliers Warriors Heat Jazz Nets Celtics Spurs Trail Blazers Clippers Rockets Pacers Sixers Magic ...",
    "thumbnails": {
     "default": {
      "url": "https://i.ytimg.com/vi/XBHnmY8tG6A/default.jpg",
      "width": 120,
      "height": 90
     },
     "medium": {
      "url": "https://i.ytimg.com/vi/XBHnmY8tG6A/mqdefault.jpg",
      "width": 320,
      "height": 180
     },
     "high": {
      "url": "https://i.ytimg.com/vi/XBHnmY8tG6A/hqdefault.jpg",
      "width": 480,
      "height": 360
     }
    },
    "channelTitle": "Ximo Pierto",
    "liveBroadcastContent": "none"
   }
  }
 ]
}
